{
  "generated": "2025-09-20T16:00:00.000Z",
  "summary": {
    "images_analyzed": 4,
    "total_ships": 12,
    "dark_ships": 6,
    "ais_ships": 6
  },
  "dark_ships": [
    {
      "lat": 69.234812,
      "lon": -105.456234,
      "confidence": 0.943,
      "target_vessel": "ARCTIC SHADOW",
      "target_mmsi": 316054321,
      "reason": "Gap: 72.3 hours in Northwest Passage",
      "image": "arctic_sat_001.jpg",
      "gap_start_time": "2025-09-18T14:35:02Z",
      "gap_end_time": "2025-09-21T14:53:47Z",
      "status": "DARK_SHIP_CONFIRMED",
      "last_lat": 68.987234,
      "last_lon": -106.823456,
      "next_lat": 69.234812,
      "next_lon": -105.456234,
      "distance_km": 85.4
    },
    {
      "lat": 70.567432,
      "lon": -110.234123,
      "confidence": 0.887,
      "target_vessel": "NORTHERN GHOST",
      "target_mmsi": 316098765,
      "reason": "Distance jump: 450.7 km, Transponder disabled near territorial waters",
      "image": "arctic_sat_002.jpg",
      "gap_start_time": "2025-09-19T08:22:15Z",
      "gap_end_time": "2025-09-20T19:45:33Z",
      "status": "DARK_SHIP_CONFIRMED",
      "last_lat": 70.123456,
      "last_lon": -112.567890,
      "next_lat": 70.567432,
      "next_lon": -110.234123,
      "distance_km": 450.7
    },
    {
      "lat": 68.123456,
      "lon": -98.789012,
      "confidence": 0.812,
      "target_vessel": "UNKNOWN VESSEL",
      "target_mmsi": 0,
      "reason": "Ship detected with no AIS signals in Beaufort Sea",
      "image": "arctic_sat_003.jpg",
      "gap_start_time": null,
      "gap_end_time": null,
      "status": "ORPHAN_DETECTION"
    },
    {
      "lat": 71.445678,
      "lon": -115.567890,
      "confidence": 0.756,
      "target_vessel": "ICE RUNNER",
      "target_mmsi": 316012345,
      "reason": "Gap: 48.7 hours near Mackenzie River delta",
      "image": "arctic_sat_004.jpg",
      "gap_start_time": "2025-09-17T23:12:44Z",
      "gap_end_time": "2025-09-20T00:05:18Z",
      "status": "DARK_SHIP_CONFIRMED",
      "last_lat": 71.234567,
      "last_lon": -116.789012,
      "next_lat": 71.445678,
      "next_lon": -115.567890,
      "distance_km": 92.3
    },
    {
      "lat": 69.876543,
      "lon": -102.123456,
      "confidence": 0.923,
      "target_vessel": "PHANTOM FISHER",
      "target_mmsi": 316087654,
      "reason": "Gap: 96.2 hours, Impossible speed through ice-covered waters",
      "image": "arctic_sat_005.jpg",
      "gap_start_time": "2025-09-16T12:45:22Z",
      "gap_end_time": "2025-09-20T12:57:11Z",
      "status": "DARK_SHIP_CONFIRMED",
      "last_lat": 68.234567,
      "last_lon": -104.567890,
      "next_lat": 69.876543,
      "next_lon": -102.123456,
      "distance_km": 287.6
    },
    {
      "lat": 67.654321,
      "lon": -107.890123,
      "confidence": 0.689,
      "target_vessel": "ARCTIC WANDERER",
      "target_mmsi": 316065432,
      "reason": "Transponder turned off for 38.4 hours in protected waters",
      "image": "arctic_sat_006.jpg",
      "gap_start_time": "2025-09-19T16:33:55Z",
      "gap_end_time": "2025-09-21T06:57:12Z",
      "status": "DARK_SHIP_CONFIRMED",
      "last_lat": 67.456789,
      "last_lon": -108.234567,
      "next_lat": 67.654321,
      "next_lon": -107.890123,
      "distance_km": 34.2
    }
  ],
  "analysis_metadata": {
    "region": "Canadian Arctic Archipelago",
    "time_period": "2025-09-16 to 2025-09-21",
    "total_area_km2": 2750000,
    "ice_coverage": "65%",
    "shipping_lanes": ["Northwest Passage", "Mackenzie River Route"]
  }
}